Stadt;Insgesamt;Benzin;Diesel;Gas (einschl. bivalent);Hybrid;Elektro;Sonstige;Euro 1;Euro 2;Euro 3;Euro 4;Euro 5;Euro 6;Sonstige2;Euro 1 2;Euro 2 2;Euro 3 2;Euro 4 2;Euro 5 2;Euro 6 2;Sonstige3
BADEN-WUERTTEMBERG;;;;;;;;;;;;;;;;;;;;;
RB STUTTGART;;;;;;;;;;;;;;;;;;;;;
08111  STUTTGART,STADT;293 961;180 388;109 556;1 978;;;2 039;5 853;29 518;29 999;84 424;92 830;45 825;618;210;4 498;13 068;22 218;47 740;21 266;203
08115  BOEBLINGEN;239 154;152 011;84 204;1 511;;;1 428;3 861;21 449;24 204;74 870;74 989;36 167;688;297;3 826;11 495;20 481;33 838;13 739;250
08116  ESSLINGEN;313 816;205 879;104 615;2 016;;;1 306;6 340;33 150;35 842;106 198;98 357;27 754;1 197;534;5 556;16 239;26 371;44 140;10 903;447
08117  GOEPPINGEN;155 072;100 648;52 563;1 308;;;553;2 905;16 826;18 152;54 181;49 885;10 889;593;249;3 011;8 498;14 061;21 978;4 359;244
08118  LUDWIGSBURG;313 897;210 857;99 483;2 321;;;1 236;6 081;35 466;36 916;109 053;97 586;24 374;730;243;5 053;15 270;26 348;42 142;9 871;230
08119  REMS-MURR-KREIS;249 542;166 844;80 004;1 936;;;758;5 639;30 570;30 275;86 230;72 789;19 844;907;354;5 031;13 244;21 584;31 611;7 535;325
08121  HEILBRONN,STADT;63 216;41 293;21 103;588;;;232;1 348;7 758;8 201;22 424;17 915;4 880;119;53;1 029;3 375;5 808;8 657;2 090;47
08125  HEILBRONN;219 279;139 226;77 608;1 758;;;687;4 782;26 905;26 554;74 575;62 895;20 223;1 129;332;4 371;11 902;19 480;30 699;10 158;444
08126  HOHENLOHEKREIS;76 564;42 245;33 401;731;;;187;1 733;9 810;9 771;25 811;22 258;6 138;326;176;1 879;4 848;8 079;13 764;4 475;113
08127  SCHWAEBISCH-HALL;119 386;72 003;45 694;1 389;;;300;2 644;16 067;16 155;42 771;33 732;6 078;627;287;3 449;8 094;13 058;17 499;2 924;236
08128  MAIN-TAUBER-KREIS;84 212;52 221;30 773;885;;;333;1 732;10 962;11 390;31 292;23 687;4 074;345;166;2 078;5 325;9 028;11 970;1 998;122
08135  HEIDENHEIM;77 810;50 395;26 383;846;;;186;1 410;8 524;9 579;29 248;23 743;4 406;254;115;1 415;4 208;7 906;10 693;1 875;95
08136  OSTALBKREIS;190 857;119 588;69 093;1 607;;;569;3 186;20 042;21 998;68 905;61 042;13 061;749;351;3 786;10 635;19 006;29 050;5 758;290
RB ZUSAMMEN;2 396 766;1 533 598;834 480;18 874;;;9 814;47 514;267 047;279 036;809 982;731 708;223 713;8 282;3 367;44 982;126 201;213 428;343 781;96 951;3 046
RB KARLSRUHE ;;;;;;;;;;;;;;;;;;;;;
08211  BADEN-BADEN,STADT;32 975;21 025;11 647;157;;;146;874;3 826;3 996;10 317;10 051;3 246;170;83;627;1 618;2 510;5 099;1 606;80
08212  KARLSRUHE,STADT;135 651;87 684;45 953;1 383;;;631;3 645;16 459;16 443;43 740;41 905;11 062;584;238;2 370;6 209;11 000;20 196;5 528;249
08215  KARLSRUHE;262 589;176 813;82 643;2 219;;;914;6 586;32 711;34 511;92 861;76 782;15 271;1 162;539;5 359;13 862;22 321;33 325;6 459;456
08216  RASTATT;142 563;95 568;45 559;1 037;;;399;3 829;19 355;18 935;48 657;37 608;11 986;685;357;3 406;8 268;12 233;16 532;4 299;287
08221  HEIDELBERG,STADT;58 389;37 275;20 424;452;;;238;1 802;7 138;6 821;18 477;17 889;4 908;263;110;1 159;2 642;4 664;9 129;2 536;101
08222  MANNHEIM,STADT;145 300;96 590;46 873;1 197;;;640;4 136;18 361;16 991;45 530;41 346;14 788;677;258;2 240;6 235;10 656;19 639;7 335;231
08225  NECKAR-ODENWALD-KREIS;87 990;55 624;31 366;774;;;226;1 782;10 602;11 128;32 291;26 397;4 778;343;194;1 988;5 366;8 945;12 679;1 973;145
08226  RHEIN-NECKAR-KREIS;333 726;220 907;109 188;2 520;;;1 111;8 127;39 116;39 767;113 287;103 776;24 552;1 424;681;5 861;15 503;25 976;48 771;11 462;601
08231  PFORZHEIM,STADT;57 727;38 637;18 360;497;;;233;1 270;6 720;7 356;19 936;17 205;4 441;164;64;919;2 889;5 232;7 423;1 725;58
08235  CALW;96 049;60 261;34 599;895;;;294;1 814;10 249;11 612;33 407;29 799;7 698;361;195;2 058;5 758;9 604;13 901;2 782;156
08236  ENZKREIS;122 957;83 003;38 491;1 116;;;347;2 729;14 316;15 755;43 792;37 067;7 361;458;200;2 352;6 450;10 822;15 621;2 746;168
08237  FREUDENSTADT;70 961;42 780;27 409;536;;;236;1 213;7 341;8 504;25 596;22 483;4 937;290;133;1 597;4 340;7 706;11 366;2 084;110
RB ZUSAMMEN;1 546 877;1 016 167;512 512;12 783;;;5 415;37 807;186 194;191 819;527 891;462 308;115 028;6 581;3 052;29 936;79 140;131 669;213 681;50 535;2 642
RB FREIBURG;;;;;;;;;;;;;;;;;;;;;
08311  FREIBURG I.BREISG.STADT;88 595;54 842;32 473;789;;;491;2 802;12 491;12 177;28 995;24 664;5 585;593;275;2 224;5 200;8 315;12 970;3 001;306
08315  BREISGAU-HOCHSCHWARZWALD;148 235;95 578;50 951;1 072;;;634;4 299;19 745;20 426;52 775;41 294;6 758;969;468;3 654;8 947;14 604;19 767;2 850;460
08316  EMMENDINGEN;93 820;62 362;30 348;781;;;329;2 715;13 807;13 302;34 105;24 363;3 859;589;272;2 231;5 651;9 021;11 154;1 630;270
08317  ORTENAUKREIS;253 834;167 262;84 287;1 689;;;596;7 489;36 341;36 143;90 089;67 305;12 462;1 395;810;6 712;15 624;23 682;31 155;5 402;580
08325  ROTTWEIL;87 457;54 478;32 163;595;;;221;1 636;8 858;10 428;32 358;27 722;5 154;436;189;1 831;5 162;9 162;13 330;2 195;179
08326  SCHWARZWALD-BAAR-KREIS;122 901;79 978;41 619;879;;;425;2 222;12 302;14 374;44 484;39 899;7 711;626;253;2 474;6 694;11 005;17 741;3 091;227
08327  TUTTLINGEN;81 251;50 190;30 290;560;;;211;1 381;7 074;9 382;28 750;27 795;5 838;341;201;1 609;4 626;7 997;13 151;2 505;145
08335  KONSTANZ;150 911;106 459;42 536;1 350;;;566;3 573;18 252;19 446;54 903;43 289;8 714;918;427;3 334;7 586;10 569;16 866;3 181;391
08336  LOERRACH;130 547;91 433;37 815;568;;;731;3 353;15 675;16 799;46 440;38 429;7 655;538;344;2 791;6 397;9 810;15 213;2 793;195
08337  WALDSHUT;100 904;69 337;30 726;444;;;397;2 087;10 887;13 192;36 662;30 927;5 593;547;201;2 034;5 132;7 998;13 006;2 064;200
RB ZUSAMMEN;1 258 455;831 919;413 208;8 727;;;4 601;31 557;155 432;165 669;449 561;365 687;69 329;6 952;3 440;28 894;71 019;112 163;164 353;28 712;2 953
RB TUEBINGEN;;;;;;;;;;;;;;;;;;;;;
08415  REUTLINGEN;169 015;107 151;59 828;1 555;;;481;3 087;18 006;19 871;59 850;54 201;11 507;564;256;3 368;9 327;16 683;25 053;4 705;249
08416  TUEBINGEN;117 022;72 256;43 053;1 340;;;373;2 281;13 196;14 342;41 452;36 161;7 857;440;210;2 525;6 809;11 754;17 892;3 516;183
08417  ZOLLERNALBKREIS;119 613;75 835;42 461;988;;;329;2 002;11 952;13 946;42 803;39 417;7 761;484;195;2 541;6 534;11 871;18 022;3 002;191
08421  ULM,STADT;62 842;37 323;24 755;540;;;224;1 005;5 561;6 505;21 226;21 279;6 382;156;70;920;2 889;6 139;11 244;3 368;61
08425  ALB-DONAU-KREIS;117 817;73 580;43 038;999;;;200;2 010;11 838;14 097;45 149;36 322;6 603;443;178;2 302;6 897;13 502;17 119;2 747;178
08426  BIBERACH;119 683;73 323;45 123;903;;;334;1 923;12 488;15 109;46 160;36 207;6 070;519;241;2 621;7 601;13 926;17 724;2 704;196
08435  BODENSEEKREIS;128 982;83 847;43 691;938;;;506;2 932;15 607;16 421;44 280;37 533;9 471;850;415;3 496;7 728;10 968;16 546;4 016;343
08436  RAVENSBURG;165 924;102 249;61 982;1 254;;;439;3 193;19 279;22 119;60 982;48 816;8 621;1 000;500;4 810;11 333;17 434;23 485;3 800;413
08437  SIGMARINGEN;79 601;48 587;29 939;758;;;317;1 414;8 776;10 091;29 699;24 365;4 136;374;183;1 987;5 029;8 865;11 798;1 843;161
RB ZUSAMMEN;1 080 499;674 151;393 870;9 275;;;3 203;19 847;116 703;132 501;391 601;334 301;68 408;4 830;2 248;24 570;64 147;111 142;158 883;29 701;1 975
LAND INSGESAMT;6 282 597;4 055 835;2 154 070;49 659;;;23 033;136 725;725 376;769 025;2 179 035;1 894 004;476 478;26 645;12 107;128 382;340 507;568 402;880 698;205 899;10 616
BAYERN;;;;;;;BAYERN;;;;;;;BAYERN;;;;;;;
RB OBERBAYERN;;;;;;;;;;;;;;;;;;;;;
09161  INGOLSTADT,STADT;94 398;55 010;37 606;581;;;1 201;1 663;7 875;7 502;22 203;23 528;26 568;3 584;198;1 728;3 980;5 885;11 339;12 888;1 484
09162  MUENCHEN,STADT;705 476;407 863;287 868;3 993;;;5 752;17 436;59 221;66 742;189 042;218 485;131 358;6 604;1 609;10 162;28 294;51 133;117 879;75 344;2 203
09163  ROSENHEIM,STADT;33 143;20 528;12 235;275;;;105;631;3 272;3 898;11 341;10 807;2 642;106;94;811;1 977;2 887;5 146;1 220;43
09171  ALTOETTING;65 487;42 633;22 120;441;;;293;1 134;6 554;7 932;24 159;20 979;3 804;275;175;1 432;3 669;5 835;9 371;1 444;114
09172  BERCHTESGADENER LAND;60 744;39 475;20 750;334;;;185;1 085;5 623;6 694;21 985;20 273;3 889;323;169;1 354;3 461;5 260;8 810;1 492;119
09173  BAD TOELZ-WOLFRATSHAUSEN;75 060;44 966;29 255;592;;;247;1 411;7 228;9 094;26 186;25 036;4 642;456;229;1 980;4 812;7 420;12 424;2 122;177
09174  DACHAU;84 353;54 042;29 268;761;;;282;1 632;8 244;10 408;30 916;26 484;5 245;405;208;1 624;4 722;8 084;12 411;1 970;149
09175  EBERSBERG;77 697;47 662;29 198;555;;;282;1 289;7 073;8 637;26 924;26 469;5 880;386;168;1 516;4 203;7 504;12 859;2 702;151
09176  EICHSTAETT;77 254;46 641;29 835;648;;;130;1 585;9 178;9 035;27 102;24 556;4 466;302;214;2 278;5 403;7 684;12 267;1 778;109
09177  ERDING;81 549;49 601;30 932;633;;;383;1 412;7 902;9 830;29 953;26 565;4 765;239;185;1 806;4 908;8 611;13 170;2 043;110
09178  FREISING;100 863;59 309;40 326;881;;;347;1 984;10 283;12 539;34 855;32 603;6 832;564;287;2 387;6 272;10 595;16 929;3 541;209
09179  FUERSTENFELDBRUCK;115 988;75 440;39 223;907;;;418;2 435;11 654;13 799;41 622;37 042;7 420;556;316;2 259;6 182;10 259;16 796;3 010;244
09180  GARMISCH-PARTENKIRCHEN;49 306;31 650;17 074;401;;;181;1 083;4 990;6 015;17 192;16 065;3 070;288;208;1 393;2 852;4 061;7 087;1 303;127
09181  LANDSBERG AM LECH;74 593;44 761;28 757;770;;;305;1 475;7 481;8 971;26 352;23 986;4 846;501;200;1 802;4 442;7 324;12 170;2 522;205
09182 MIESBACH ;61 688;37 082;23 980;425;;;201;1 212;5 443;6 940;20 401;21 650;4 672;356;159;1 408;3 689;5 595;10 623;2 298;129
09183 MUEHLDORF A.INN ;68 040;43 233;23 976;523;;;308;1 298;7 525;8 804;25 231;20 329;3 906;328;189;1 710;4 265;6 620;9 446;1 544;143
09184 MUENCHEN ;219 472;123 095;93 894;1 191;;;1 292;3 793;16 053;20 540;62 516;85 516;26 848;914;357;3 197;9 686;16 335;47 836;15 967;326
09185 NEUBURG-SCHROBENHAUSEN ;59 801;36 765;22 390;499;;;147;1 281;7 389;7 872;21 769;17 319;3 260;310;130;1 624;4 045;6 237;8 702;1 484;105
09186 PFAFFENHOFEN A.D.ILM ;76 385;45 158;30 200;835;;;192;1 574;8 458;9 557;27 230;23 810;4 512;401;218;2 099;5 020;8 210;12 419;2 020;150
09187 ROSENHEIM ;157 979;98 248;58 022;1 137;;;572;3 094;15 655;19 028;57 064;50 483;9 566;992;441;3 968;9 952;15 215;23 806;4 106;356
09188 STARNBERG ;82 887;50 354;31 645;505;;;383;1 769;6 973;8 859;26 381;29 345;7 231;528;191;1 597;4 402;7 071;14 717;3 362;187
09189 TRAUNSTEIN ;107 899;68 128;38 587;824;;;360;2 126;10 820;12 994;39 517;34 147;6 268;445;377;2 727;6 710;10 200;15 706;2 468;184
09190 WEILHEIM-SCHONGAU ;81 588;51 024;29 521;792;;;251;1 838;8 994;10 624;29 361;24 777;4 353;449;290;2 314;5 317;7 789;11 504;1 912;206
RB ZUSAMMEN ;2 611 650;1 572 668;1 006 662;18 503;;;13 817;54 240;243 888;286 314;839 302;840 254;286 043;19 312;6 612;53 176;138 263;225 814;423 417;148 540;7 230
RB NIEDERBAYERN ;;;;;;;;;;;;;;;;;;;;;
09261 LANDSHUT,STADT ;34 525;21 661;12 470;266;;;128;624;3 325;4 093;12 223;10 954;2 803;144;83;641;1 870;3 241;5 260;1 269;62
09262 PASSAU,STADT ;26 324;16 711;9 345;135;;;133;480;2 547;2 897;8 549;9 277;2 230;103;62;489;1 307;1 995;4 392;1 015;57
09263 STRAUBING,STADT ;25 879;16 726;8 905;186;;;62;464;2 631;3 047;9 165;8 138;2 077;101;34;439;1 300;2 197;3 882;992;33
09271 DEGGENDORF ;72 355;44 472;26 946;813;;;124;1 122;7 133;8 561;27 182;23 589;4 013;272;123;1 418;4 099;7 359;11 994;1 803;96
09272 FREYUNG-GRAFENAU ;48 807;29 609;18 826;307;;;65;928;5 567;5 714;18 121;15 414;2 592;148;87;1 033;3 088;5 381;7 955;1 194;51
09273 KELHEIM ;73 556;43 202;29 291;943;;;120;1 205;7 373;8 945;27 168;23 608;4 244;366;138;1 594;4 710;8 303;12 390;1 971;133
09274 LANDSHUT ;98 986;58 422;39 217;980;;;367;1 796;10 780;12 850;36 649;30 088;5 479;508;235;2 557;6 453;10 993;16 096;2 580;202
09275 PASSAU ;117 997;77 214;39 835;690;;;258;2 140;13 539;13 757;44 560;36 365;6 321;457;212;2 464;6 596;11 254;16 537;2 531;150
09276 REGEN ;46 757;28 777;17 448;364;;;168;726;4 395;4 916;17 424;16 309;2 486;200;87;904;2 560;4 846;7 851;1 107;55
09277 ROTTAL-INN ;76 970;48 080;28 053;611;;;226;1 452;9 169;9 845;28 959;22 304;4 119;400;155;1 921;4 800;7 720;11 317;1 923;137
09278 STRAUBING-BOGEN ;63 404;39 177;23 450;605;;;172;1 116;6 324;7 856;24 566;19 684;3 009;260;138;1 367;3 801;6 862;9 785;1 357;88
09279 DINGOLFING-LANDAU ;61 498;36 209;24 551;575;;;163;1 164;6 566;7 827;21 940;17 227;5 883;366;148;1 432;3 825;6 631;9 280;3 073;108
RB ZUSAMMEN ;747 058;460 260;278 337;6 475;;;1 986;13 217;79 349;90 308;276 506;232 957;45 256;3 325;1 502;16 259;44 409;76 782;116 739;20 815;1 172
RB OBERPFALZ ;;;;;;;;;;;;;;;;;;;;;
09361 AMBERG,STADT ;23 757;15 580;7 909;162;;;106;399;2 263;2 625;8 569;7 986;1 626;91;44;362;1 102;2 020;3 587;740;36
09362 REGENSBURG,STADT ;73 388;44 483;27 793;758;;;354;1 279;6 396;7 556;24 007;25 747;7 320;327;157;1 310;3 533;6 110;12 897;3 625;120
09363 WEIDEN I.D.OPF.,STADT ;25 027;16 352;8 430;188;;;57;407;2 466;2 676;8 515;8 857;1 789;77;45;409;1 114;1 885;4 077;851;21
09371 AMBERG-SULZBACH ;66 006;42 204;23 065;546;;;191;1 118;7 005;7 699;25 584;20 699;3 002;260;118;1 336;3 523;6 708;9 904;1 308;98
09372 CHAM ;82 510;52 434;29 047;909;;;120;1 385;8 951;9 608;31 909;25 857;3 795;353;141;1 675;4 682;8 641;12 225;1 524;108
09373 NEUMARKT I.D.OPF. ;81 249;49 632;30 693;697;;;227;1 273;7 433;8 919;30 019;27 594;4 788;399;154;1 471;4 399;8 165;14 122;2 189;127
09374 NEUSTADT A.D.WALDNAAB ;61 588;39 915;21 058;501;;;114;956;6 268;6 830;23 971;19 747;3 144;280;100;1 246;3 229;6 079;8 964;1 283;112
09375 REGENSBURG ;117 654;73 214;42 607;1 495;;;338;1 724;10 212;13 125;44 088;40 270;6 802;476;221;2 303;6 516;11 583;18 921;2 822;172
09376 SCHWANDORF ;92 935;57 029;34 482;1 250;;;174;1 465;8 959;10 125;35 296;30 851;5 089;401;175;1 707;4 898;9 687;15 374;2 430;142
09377 TIRSCHENREUTH ;46 399;31 360;14 678;297;;;64;751;4 381;4 542;18 105;15 765;2 410;170;67;744;2 093;4 036;6 682;968;54
RB ZUSAMMEN ;670 513;422 203;239 762;6 803;;;1 745;10 757;64 334;73 705;250 063;223 373;39 765;2 834;1 222;12 563;35 089;64 914;106 753;17 740;990
RB OBERFRANKEN ;;;;;;;;;;;;;;;;;;;;;
09461 BAMBERG,STADT ;37 834;23 868;13 471;371;;;124;908;4 770;4 686;12 174;11 849;2 746;223;109;984;2 111;3 001;5 803;1 342;82
09462 BAYREUTH,STADT ;37 390;24 223;12 740;292;;;135;746;3 616;3 957;12 593;12 812;3 171;153;76;601;1 714;2 821;5 897;1 542;56
09463 COBURG,STADT ;24 677;15 420;8 954;225;;;78;417;2 275;2 421;7 754;8 953;2 418;104;33;341;977;1 625;4 553;1 370;30
09464 HOF,STADT ;23 625;16 741;6 628;182;;;74;347;2 131;2 283;7 848;8 516;2 240;82;29;340;927;1 427;3 104;762;23
09471 BAMBERG ;95 081;61 679;32 313;882;;;207;1 837;11 668;12 014;35 466;28 569;4 275;470;208;2 267;5 549;9 081;13 174;1 812;161
09472 BAYREUTH ;67 857;44 376;22 791;551;;;139;1 186;7 161;7 458;25 686;21 966;3 598;323;128;1 368;3 547;6 446;9 711;1 440;107
09473 COBURG ;55 302;38 717;15 891;571;;;123;965;6 196;5 951;20 586;17 804;3 049;240;84;1 017;2 527;4 089;6 980;1 075;73
09474 FORCHHEIM ;73 626;47 803;25 001;612;;;210;1 451;8 385;9 036;27 753;22 185;3 746;393;178;1 649;4 220;7 016;10 072;1 684;135
09475 HOF ;60 763;41 433;18 633;585;;;112;941;5 368;5 246;21 150;22 827;4 490;271;96;913;2 412;4 485;8 988;1 613;90
09476 KRONACH ;43 310;29 082;13 829;327;;;72;704;4 464;4 410;16 212;14 583;2 427;184;71;840;2 107;3 662;6 155;916;51
09477 KULMBACH ;47 201;30 920;15 667;473;;;141;946;5 114;5 189;17 068;15 577;2 665;230;95;958;2 377;4 110;6 805;1 199;89
09478 LICHTENFELS ;42 095;28 581;13 136;316;;;62;824;5 024;4 866;16 218;12 566;2 092;163;68;932;2 190;3 658;5 415;792;55
09479 WUNSIEDEL I.FICHTELGEB. ;44 905;31 255;13 204;331;;;115;684;3 952;4 325;15 724;16 729;2 886;175;67;631;1 774;3 132;6 448;1 061;55
RB ZUSAMMEN ;653 666;434 098;212 258;5 718;;;1 592;11 956;70 124;71 842;236 232;214 936;39 803;3 011;1 242;12 841;32 432;54 553;93 105;16 608;1 007
RB MITTELFRANKEN ;;;;;;;;;;;;;;;;;;;;;
09561 ANSBACH,STADT ;23 750;14 882;8 522;264;;;82;426;2 686;2 943;8 347;7 290;1 745;84;40;549;1 335;2 086;3 515;951;23
09562 ERLANGEN,STADT ;52 845;33 650;18 573;393;;;229;1 180;5 724;6 191;18 044;16 999;3 778;182;146;1 085;2 879;4 490;8 003;1 798;67
09563 FUERTH,STADT ;59 393;40 015;18 653;454;;;271;1 172;6 411;7 031;20 929;18 697;4 317;234;116;1 150;2 959;4 678;7 869;1 714;91
09564 NUERNBERG,STADT ;235 325;151 291;81 485;1 520;;;1 029;5 122;25 847;28 224;77 700;75 164;19 415;1 020;572;4 729;12 185;18 662;35 190;9 428;419
09565 SCHWABACH,STADT ;24 321;16 326;7 723;145;;;127;666;2 610;2 840;8 218;7 679;1 642;233;76;449;1 225;1 849;3 297;719;65
09571 ANSBACH ;115 770;72 595;41 819;1 149;;;207;2 453;14 821;15 587;42 992;33 137;5 054;633;290;3 101;7 421;12 248;16 180;2 229;228
09572 ERLANGEN-HOECHSTADT ;85 986;54 421;30 573;675;;;317;1 710;9 092;10 085;30 522;27 203;5 773;423;195;1 763;4 824;7 808;12 815;2 899;155
09573 FUERTH ;72 200;49 445;22 001;512;;;242;1 488;7 500;8 236;26 540;23 113;4 213;332;161;1 281;3 634;5 839;9 334;1 548;126
09574 NUERNBERGER LAND ;103 304;67 560;34 653;746;;;345;2 107;10 410;11 712;36 409;34 060;6 866;557;252;1 945;5 147;8 747;15 278;2 946;216
09575 NEUSTADT/AISCH-WINDSHEIM ;61 969;37 527;23 634;602;;;206;1 361;8 045;8 531;23 079;17 449;2 589;341;167;1 809;4 277;7 145;8 914;1 164;104
09576 ROTH ;80 793;50 767;29 199;582;;;245;1 690;8 864;9 818;28 662;26 048;4 460;403;215;1 886;4 828;7 678;12 357;1 989;163
09577 WEISSENBURG-GUNZENHAUSEN ;57 871;36 504;20 737;509;;;121;1 325;7 366;7 747;21 184;16 764;2 640;322;193;1 549;3 768;5 770;8 106;1 154;127
RB ZUSAMMEN ;973 527;624 983;337 572;7 551;;;3 421;20 700;109 376;118 945;342 626;303 603;62 492;4 764;2 423;21 296;54 482;87 000;140 858;28 539;1 784
RB UNTERFRANKEN ;;;;;;;;;;;;;;;;;;;;;
09661 ASCHAFFENBURG,STADT ;42 639;26 520;15 467;424;;;228;900;4 817;4 864;13 020;12 499;5 876;161;67;746;1 925;3 194;6 240;3 192;58
09662 SCHWEINFURT,STADT ;26 962;16 929;9 566;325;;;142;589;3 348;3 537;8 994;7 878;2 209;102;67;568;1 502;2 127;4 025;1 191;39
09663 WUERZBURG,STADT ;61 920;38 851;21 952;860;;;257;1 456;7 084;7 562;20 239;19 248;4 907;341;175;1 263;3 312;5 024;9 559;2 395;138
09671 ASCHAFFENBURG ;111 171;72 435;37 373;1 062;;;301;2 322;13 004;13 662;39 683;34 200;6 686;452;193;2 053;5 561;10 209;16 090;3 031;147
09672 BAD KISSINGEN;66 206;41 245;23 966;848;;;147;1 347;8 591;8 781;25 331;18 440;2 799;325;171;1 659;4 188;7 224;9 256;1 259;147
09673 RHOEN-GRABFELD;51 188;30 348;19 948;695;;;197;931;6 117;6 927;19 845;14 574;2 141;278;108;1 331;3 372;5 900;8 069;1 038;85
09674 HASSBERGE ;54 986;32 714;21 383;793;;;96;976;7 256;7 370;20 905;15 624;2 109;290;114;1 601;3 734;6 303;8 477;993;103
09675 KITZINGEN ;57 054;36 318;19 823;696;;;217;1 359;8 539;7 975;20 664;15 059;2 600;288;151;1 589;3 673;5 629;7 450;1 145;118
09676 MILTENBERG ;79 829;50 876;27 900;781;;;272;1 655;10 250;10 788;29 214;22 895;3 910;310;165;1 767;4 785;8 034;11 172;1 783;115
09677 MAIN-SPESSART ;80 990;50 545;29 128;1 095;;;222;1 591;10 119;10 671;29 613;23 646;4 176;345;186;1 942;4 998;8 398;11 545;1 861;129
09678 SCHWEINFURT ;74 006;48 633;24 068;1 100;;;205;1 580;9 805;10 164;28 386;20 079;2 979;343;211;1 867;4 461;7 030;9 186;1 098;146
09679 WUERZBURG ;100 282;64 758;33 781;1 377;;;366;1 923;11 909;12 811;36 849;29 940;5 221;485;247;2 286;5 675;9 294;13 914;2 055;187
RB ZUSAMMEN ;807 233;510 172;284 355;10 056;;;2 650;16 629;100 839;105 112;292 743;234 082;45 613;3 720;1 855;18 672;47 186;78 366;114 983;21 041;1 412
RB SCHWABEN ;;;;;;;;;;;;;;;;;;;;;
09761 AUGSBURG,STADT ;129 486;85 487;41 696;1 564;;;739;2 579;13 091;15 174;43 690;41 321;11 640;522;213;2 039;5 994;10 225;17 892;4 957;217
09762 KAUFBEUREN,STADT ;22 746;14 950;7 467;235;;;94;406;2 229;2 667;8 298;7 337;1 459;92;58;445;1 200;2 042;3 086;549;42
09763 KEMPTEN(ALLGAEU),STADT ;36 566;22 861;13 206;310;;;189;520;3 347;4 116;12 144;12 872;3 035;198;77;708;1 886;3 056;6 023;1 330;82
09764 MEMMINGEN,STADT ;24 255;15 257;8 716;225;;;57;421;2 406;2 996;8 628;7 768;1 681;79;47;456;1 381;2 235;3 693;848;26
09771 AICHACH-FRIEDBERG ;80 270;51 715;27 460;801;;;294;1 580;8 449;9 846;29 216;25 088;4 811;360;181;1 773;4 538;7 454;11 310;1 973;148
09772 AUGSBURG ;152 972;101 971;48 832;1 433;;;736;2 918;15 376;18 025;54 521;49 755;9 859;693;352;2 691;7 630;13 032;21 013;3 648;292
09773 DILLINGEN A.D.DONAU ;60 048;38 964;20 334;580;;;170;1 135;6 642;7 903;23 046;17 657;2 827;185;125;1 263;3 491;6 030;8 064;1 198;70
09774 GUENZBURG ;77 142;48 460;27 909;589;;;184;1 287;7 944;9 453;29 182;24 175;4 070;334;113;1 374;4 329;8 144;11 874;1 894;104
09775 NEU-ULM ;101 521;67 074;33 436;834;;;177;1 731;10 332;11 662;38 630;30 855;6 847;292;118;1 697;5 105;9 812;13 703;2 765;112
09776 LINDAU (BODENSEE) ;48 782;31 994;16 292;351;;;145;1 046;5 832;6 308;17 620;14 285;2 668;270;167;1 297;2 932;4 201;6 391;1 107;100
09777 OSTALLGAEU ;84 344;53 134;29 999;905;;;306;1 601;8 823;10 698;30 774;26 811;4 260;539;272;2 199;5 329;7 914;12 169;1 798;218
09778 UNTERALLGAEU ;89 771;56 769;31 992;752;;;258;1 750;10 025;11 433;34 467;26 675;4 020;369;208;2 108;5 390;9 411;12 786;1 848;135
09779 DONAU-RIES ;85 186;53 344;30 852;704;;;286;1 718;10 547;11 313;31 447;24 376;4 690;379;194;2 171;5 378;8 887;11 828;2 150;162
09780 OBERALLGAEU ;93 537;59 413;33 258;660;;;206;1 757;9 146;11 278;33 154;31 050;5 340;681;289;2 449;5 708;8 261;13 951;2 220;259
RB ZUSAMMEN ;1 086 626;701 393;371 449;9 943;;;3 841;20 449;114 189;132 872;394 817;340 025;67 207;4 993;2 414;22 670;60 291;100 704;153 783;28 285;1 967
LAND INSGESAMT ;7 550 273;4 725 777;2 730 395;65 049;;;29 052;147 948;782 099;879 098;2 632 289;2 389 230;586 179;41 959;17 270;157 477;412 152;688 133;1 149 638;281 568;15 562
BERLIN ;;;;;;;;;;;;;;;;;;;;;
11000 BERLIN ;1 178 417;854 691;296 399;17 429;;;9 898;30 721;151 390;145 941;405 673;342 831;83 363;2 699;1 715;16 451;45 005;73 141;124 748;31 950;1 095
LAND INSGESAMT ;1 178 417;854 691;296 399;17 429;;;9 898;30 721;151 390;145 941;405 673;342 831;83 363;2 699;1 715;16 451;45 005;73 141;124 748;31 950;1 095
BRANDENBURG ;;;;;;;;;;;;;;;;;;;;;
12051 BRANDENBURG/HAVEL,STADT ;33 530;25 146;7 929;306;;;149;632;4 276;4 222;12 736;9 574;1 749;109;49;493;1 369;2 127;3 261;557;43
12052 COTTBUS, STADT ;47 891;36 086;11 200;389;;;216;983;6 171;5 942;17 806;13 837;2 538;132;67;624;1 924;2 764;4 816;933;39
12053 FRANKFURT/ODER,STADT ;27 920;21 595;5 824;386;;;115;565;3 305;3 434;10 607;8 202;1 556;96;53;359;934;1 439;2 498;509;21
12054 POTSDAM,STADT ;70 411;49 231;19 926;921;;;333;1 335;7 531;8 070;25 756;22 136;4 674;154;102;1 028;2 838;5 059;8 704;2 010;84
12060 BARNIM ;97 949;71 494;24 530;1 505;;;420;2 224;13 033;12 977;36 419;27 740;4 159;283;176;1 866;4 484;6 537;9 817;1 437;90
12061 DAHME-SPREEWALD ;95 705;67 018;26 494;1 684;;;509;2 451;13 034;12 409;35 108;27 174;4 316;233;190;1 806;4 634;7 160;10 853;1 641;83
12062 ELBE-ELSTER ;62 921;45 359;16 660;722;;;180;2 098;10 138;8 703;23 174;15 372;2 497;207;150;1 321;3 153;4 760;6 264;889;69
12063 HAVELLAND ;87 391;62 517;23 240;1 277;;;357;1 994;11 374;11 282;32 775;24 535;4 081;300;158;1 561;4 100;6 605;9 175;1 419;125
12064 MAERKISCH-ODERLAND ;109 535;80 465;26 936;1 699;;;435;2 841;15 221;14 266;40 618;29 543;4 690;475;227;1 981;4 817;7 321;10 636;1 676;134
12065 OBERHAVEL ;114 411;82 771;29 335;1 834;;;471;2 750;15 011;14 961;42 417;31 856;4 792;417;186;1 985;5 068;8 311;11 708;1 761;131
12066 ODERSPREEWALD-LAUSITZ ;64 980;46 868;17 149;759;;;204;1 755;8 740;8 747;24 077;17 814;2 826;187;106;1 083;2 992;4 766;7 039;1 062;48
12067 ODER-SPREE ;102 921;74 752;26 399;1 447;;;323;2 274;13 255;13 347;38 660;29 424;4 651;325;155;1 783;4 549;7 039;10 886;1 791;99
12068 OSTPRIGNITZ-RUPPIN ;56 120;38 760;16 438;805;;;117;1 344;7 852;7 866;21 711;14 305;2 102;266;113;1 284;3 076;4 747;6 110;935;92
12069 POTSDAM-MITTELMARK ;120 457;81 658;36 708;1 678;;;413;2 709;14 093;15 103;44 784;36 014;5 924;307;219;2 345;6 356;10 035;15 083;2 383;119
12070 PRIGNITZ ;44 457;31 359;12 507;503;;;88;1 172;6 555;6 039;17 286;11 059;1 655;152;102;1 028;2 330;3 432;4 822;689;41
12071 SPREE-NEISSE ;70 153;52 376;16 943;648;;;186;1 908;10 235;9 277;26 719;18 196;2 601;319;124;1 238;3 230;4 614;6 708;911;68
12072 TELTOW-FLAEMING ;95 922;66 599;27 466;1 533;;;324;2 533;12 690;11 890;35 076;27 487;4 669;217;182;1 887;4 537;7 138;11 491;2 030;85
12073 UCKERMARK ;67 062;50 234;15 989;651;;;188;1 523;8 893;9 024;26 172;17 640;2 615;206;137;1 144;2 991;4 450;6 236;908;55
LAND INSGESAMT ;1 369 736;984 288;361 673;18 747;;;5 028;33 091;181 407;177 559;511 901;381 908;62 095;4 385;2 496;24 816;63 382;98 304;146 107;23 541;1 426
BREMEN ;;;;;;;;;;;;;;;;;;;;;
04011 BREMEN, STADT ;236 684;158 496;73 755;3 256;;;1 177;5 630;28 707;28 935;79 754;67 342;20 729;1 019;486;3 812;10 428;17 697;30 486;9 944;461
04012 BREMERHAVEN,STADT ;47 800;33 312;13 545;717;;;226;772;6 022;6 224;17 643;13 838;2 904;130;88;859;2 301;3 635;5 357;1 195;53
LAND INSGESAMT ;284 484;191 808;87 300;3 973;;;1 403;6 402;34 729;35 159;97 397;81 180;23 633;1 149;574;4 671;12 729;21 332;35 843;11 139;514
HAMBURG ;;;;;;;;;;;;;;;;;;;;;
02000 HAMBURG ;761 655;491 695;259 707;6 507;;;3 746;17 290;79 273;83 582;239 323;230 627;94 514;3 969;2 410;14 839;35 045;51 243;104 049;48 857;1 859
LAND INSGESAMT ;761 655;491 695;259 707;6 507;;;3 746;17 290;79 273;83 582;239 323;230 627;94 514;3 969;2 410;14 839;35 045;51 243;104 049;48 857;1 859
HESSEN ;;;;;;;;;;;;;;;;;;;;;
RB DARMSTADT ;;;;;;;;;;;;;;;;;;;;;
06411 DARMSTADT,STADT ;70 652;44 742;24 783;745;;;382;1 771;7 997;8 191;23 401;21 657;6 179;285;137;1 064;3 086;6 043;10 917;3 292;126
06412  FRANKFURT AM MAIN,STADT;323 512;181 670;137 246;2 739;;;1 857;7 050;30 215;31 598;91 986;112 134;43 073;1 054;271;3 552;12 125;24 755;67 042;28 768;258
06413  OFFENBACH AM MAIN,STADT;53 208;34 308;18 000;580;;;320;1 423;6 939;6 889;17 825;15 113;4 076;208;80;832;2 627;4 680;7 501;2 179;57
06414 WIESBADEN,STADT ;140 479;89 788;48 720;1 257;;;714;2 914;14 430;15 930;47 144;45 037;12 085;328;158;1 610;5 936;12 380;21 623;6 747;105
06431 BERGSTRASSE ;164 047;111 171;50 631;1 621;;;624;4 041;20 329;20 296;57 590;47 809;11 157;573;382;3 110;8 174;13 313;20 887;4 236;226
06432 DARMSTADT-DIEBURG ;176 788;119 348;54 702;1 946;;;792;4 181;20 388;21 278;62 119;53 665;11 828;734;349;2 932;8 264;14 733;22 742;5 148;278
06433 GROSS-GERAU ;160 555;110 429;47 780;1 733;;;613;3 240;16 796;17 886;51 714;43 604;25 247;505;216;2 113;6 622;12 321;18 703;7 466;218
06434 HOCHTAUNUSKREIS ;159 370;98 002;59 271;1 216;;;881;3 175;12 850;14 493;47 304;51 322;27 168;576;195;1 732;5 850;11 146;25 152;14 877;182
06435 MAIN-KINZIG-KREIS ;242 400;162 577;76 375;2 407;;;1 041;5 402;28 172;29 276;87 922;73 679;13 779;1 004;430;4 050;11 728;21 733;32 214;5 635;349
06436 MAIN-TAUNUS-KREIS ;177 258;107 885;67 379;1 101;;;893;2 912;13 509;14 571;49 102;57 361;36 121;521;143;1 561;5 320;11 161;29 449;19 450;150
06437 ODENWALDKREIS ;59 005;39 234;18 758;791;;;222;1 328;7 507;7 798;21 200;17 322;2 975;230;134;1 266;3 235;5 199;7 576;1 157;99
06438 OFFENBACH ;203 714;137 582;63 138;2 038;;;956;4 915;22 216;22 965;69 495;63 757;14 971;659;299;2 597;8 263;15 703;28 525;7 222;195
06439 RHEINGAU-TAUNUS-KREIS ;115 466;76 528;37 390;1 154;;;394;2 337;11 638;13 159;41 557;37 616;6 900;488;174;1 671;5 257;10 300;16 699;2 990;179
06440 WETTERAUKREIS ;179 305;119 703;57 164;1 761;;;677;4 202;20 525;21 419;64 725;54 975;10 527;677;333;2 872;8 799;15 531;24 815;4 335;259
RB ZUSAMMEN ;2 225 759;1 432 967;761 337;21 089;;;10 366;48 891;233 511;245 749;733 084;695 051;226 086;7 842;3 301;30 962;95 286;178 998;333 845;113 502;2 681
RB GIESSEN ;;;;;;;;;;;;;;;;;;;;;
06531 GIESSEN ;144 135;93 796;47 880;1 875;;;584;3 079;17 014;17 790;52 354;43 256;8 315;375;254;2 643;7 426;13 357;19 876;3 902;139
06532 LAHN-DILL-KREIS ;154 898;102 599;50 256;1 701;;;342;2 970;17 855;18 832;56 717;46 924;8 614;665;315;2 818;8 077;14 024;20 923;3 681;227
06533 LIMBURG-WEILBURG ;105 836;67 636;36 532;1 343;;;325;1 995;11 854;12 813;39 104;32 806;5 733;461;170;1 826;5 523;10 354;15 805;2 618;155
06534 MARBURG-BIEDENKOPF ;135 342;90 640;42 785;1 550;;;367;2 514;15 212;16 120;50 200;41 932;7 354;639;290;2 438;6 864;12 047;17 917;2 872;237
06535 VOGELSBERGKREIS ;68 356;44 861;22 488;831;;;176;1 363;8 501;8 866;25 604;19 802;3 123;250;137;1 522;3 908;6 399;9 104;1 231;102
RB ZUSAMMEN ;608 567;399 532;199 941;7 300;;;1 794;11 921;70 436;74 421;223 979;184 720;33 139;2 390;1 166;11 247;31 798;56 181;83 625;14 304;860
RB KASSEL ;;;;;;;;;;;;;;;;;;;;;
06611 KASSEL,STADT ;85 444;56 711;27 228;1 189;;;316;1 724;10 180;9 860;28 540;26 334;7 341;347;190;1 563;4 203;6 538;11 116;3 326;135
06631 FULDA ;132 979;86 548;44 598;1 488;;;345;2 470;15 776;16 590;48 190;40 551;7 590;549;283;2 776;7 382;11 909;18 685;3 237;180
06632 HERSFELD-ROTENBURG ;74 768;50 164;23 418;1 066;;;120;1 490;9 732;9 417;28 421;21 313;3 379;310;145;1 498;3 948;6 520;9 726;1 393;104
06633 KASSEL, LAND ;140 859;97 410;41 154;1 995;;;300;2 648;16 093;15 160;49 816;45 281;9 785;512;329;2 670;6 775;10 688;17 176;3 089;198
06634 SCHWALM-EDER-KREIS ;112 120;75 086;34 973;1 811;;;250;2 027;13 431;13 153;41 780;34 033;6 220;454;220;2 212;5 790;9 614;14 360;2 461;175
06635 WALDECK-FRANKENBERG ;98 671;65 133;31 757;1 570;;;211;2 052;11 667;11 797;36 746;29 432;5 120;531;226;1 966;5 186;9 006;12 957;2 106;179
06636 WERRA-MEISSNER-KREIS ;60 245;40 345;18 909;895;;;96;1 279;7 972;7 716;22 511;17 212;2 762;280;146;1 322;3 290;5 399;7 532;1 047;119
RB ZUSAMMEN ;705 086;471 397;222 037;10 014;;;1 638;13 690;84 851;83 693;256 004;214 156;42 197;2 983;1 539;14 007;36 574;59 674;91 552;16 659;1 090
LAND INSGESAMT ;3 539 412;2 303 896;1 183 315;38 403;;;13 798;74 502;388 798;403 863;1 213 067;1 093 927;301 422;13 215;6 006;56 216;163 658;294 853;509 022;144 465;4 631
MECKLENBURG-VORPOMMERN ;;;;;;;;;;;;;;MECKLENBURG-VORPOMMERN;;;;;;;
13003 ROSTOCK, STADT ;81 814;58 819;21 817;884;;;294;1 123;8 130;9 598;31 084;26 054;5 113;215;118;1 140;3 289;5 662;9 380;2 032;111
13004 SCHWERIN, STADT ;42 396;29 606;12 112;514;;;164;598;4 278;5 112;16 288;13 090;2 749;112;75;689;1 861;3 044;5 191;1 180;48
13071 MECKLENBURGISCHE SEENPLA. ;140 465;96 674;42 163;1 254;;;374;2 429;17 128;19 475;54 608;39 343;5 843;494;268;3 041;7 851;11 908;16 368;2 416;188
13072 ROSTOCK ;119 573;79 296;38 714;1 266;;;297;1 946;13 105;15 502;45 935;35 816;5 926;280;244;2 423;6 616;10 865;15 693;2 626;111
13073 VORPOMMERN-RUEGEN ;117 654;81 811;34 436;1 065;;;342;1 878;12 601;14 944;46 368;34 997;5 565;327;226;2 354;6 122;9 581;13 769;2 151;122
13074 NORDWESTMECKLENBURG ;85 918;58 475;26 103;1 160;;;180;1 428;9 811;11 093;33 743;25 041;3 708;308;188;1 828;4 696;7 492;10 279;1 434;109
13075 VORPOMMERN-GREIFSWALD ;121 418;87 242;32 742;1 087;;;347;2 380;14 649;16 128;47 992;34 004;4 985;393;255;2 294;5 801;9 300;12 960;1 902;132
13076 LUDWIGSLUST-PARCHIM ;123 470;81 890;39 522;1 855;;;203;2 279;14 974;17 454;49 242;33 311;4 396;614;283;2 875;7 714;11 800;14 704;1 816;210
LAND INSGESAMT ;832 708;573 813;247 609;9 085;;;2 201;14 061;94 676;109 306;325 260;241 656;38 285;2 743;1 657;16 644;43 950;69 652;98 344;15 557;1 031
NIEDERSACHSEN ;;;;;;;;;;;;;;NIEDERSACHSEN;;;;;;;
RB BRAUNSCHWEIG ;;;;;;;;;;;;;;;;;;;;;
03101 BRAUNSCHWEIG,STADT ;133 129;83 065;47 373;1 646;;;1 045;2 639;13 319;11 896;40 635;43 800;16 771;2 315;304;2 119;5 198;9 039;20 309;9 314;877
03102 SALZGITTER,STADT ;51 994;35 587;15 229;1 080;;;98;1 094;6 863;6 503;19 116;14 979;2 750;178;103;1 080;2 660;4 221;5 968;1 074;60
03103 WOLFSBURG,STADT ;143 172;80 091;61 333;864;;;884;1 514;6 037;4 493;18 019;25 517;85 573;946;228;1 148;2 691;4 273;11 241;41 439;215
03151 GIFHORN ;99 699;62 835;35 372;1 291;;;201;1 971;12 192;10 570;34 450;33 000;6 043;295;296;2 824;6 282;9 576;14 016;2 054;133
03153 GOSLAR ;77 037;52 018;23 747;1 126;;;146;1 506;8 870;8 807;27 745;24 821;4 280;313;168;1 361;3 718;6 155;10 390;1 712;138
03154 HELMSTEDT ;52 665;34 566;17 148;865;;;86;1 335;6 751;5 429;17 650;17 346;3 379;214;163;1 281;2 790;4 246;7 218;1 275;85
03155 NORTHEIM ;83 050;57 405;24 467;1 071;;;107;1 904;11 032;10 057;30 167;23 721;4 530;494;210;1 650;4 121;6 813;9 668;1 715;201
03156 OSTERODE AM HARZ;44 502;31 243;12 575;595;;;89;1 006;5 533;5 402;16 276;13 196;2 043;257;91;840;2 089;3 447;5 232;737;94
03157 PEINE ;78 100;53 819;22 667;1 478;;;136;1 837;11 004;9 465;29 179;21 983;3 537;299;183;1 649;4 054;6 554;8 814;1 169;126
03158 WOLFENBUETTEL ;71 097;48 598;21 232;1 126;;;141;1 616;8 657;8 016;25 655;22 438;3 628;337;189;1 466;3 521;5 715;8 823;1 306;145
03159 GOETTINGEN ;130 985;88 731;40 265;1 658;;;331;3 202;17 193;15 712;46 256;38 556;7 371;841;361;2 957;6 781;10 299;16 349;2 948;393
RB ZUSAMMEN ;965 430;627 958;321 408;12 800;;;3 264;19 624;107 451;96 350;305 148;279 357;139 905;6 489;2 296;18 375;43 905;70 338;118 028;64 743;2 467
RB HANNOVER ;;;;;;;;;;;;;;;;;;;;;
03241 HANNOVER ;556 153;374 657;171 417;8 138;;;1 941;13 336;68 886;63 879;194 757;168 229;38 490;2 368;1 106;9 208;24 970;43 271;73 880;17 482;974
03251 DIEPHOLZ ;131 327;87 236;41 772;1 984;;;335;2 653;16 776;16 822;49 153;37 241;6 673;473;349;3 075;7 143;11 695;16 418;2 665;197
03252 HAMELN-PYRMONT ;87 909;61 976;24 422;1 207;;;304;2 330;12 336;11 103;31 753;23 391;4 168;580;258;1 815;4 395;6 643;9 382;1 507;230
03254 HILDESHEIM ;152 726;106 453;43 966;1 951;;;356;3 218;18 982;17 928;56 478;45 993;7 912;510;374;2 863;7 194;11 986;18 246;2 890;200
03255 HOLZMINDEN ;42 853;29 959;12 181;666;;;47;1 179;5 864;5 105;15 348;11 921;2 179;443;129;854;2 072;3 372;4 762;779;144
03256 NIENBURG(WESER) ;72 743;47 970;23 184;1 357;;;232;1 671;10 842;9 932;27 204;19 048;2 806;320;239;1 840;4 347;6 712;8 569;1 195;144
03257 SCHAUMBURG ;95 289;66 306;27 127;1 626;;;230;2 468;13 870;12 358;34 654;25 839;4 225;378;247;2 012;4 886;7 548;10 554;1 571;149
RB ZUSAMMEN ;1 139 000;774 557;344 069;16 929;;;3 445;26 855;147 556;137 127;409 347;331 662;66 453;5 072;2 702;21 667;55 007;91 227;141 811;28 089;2 038
RB LUENEBURG ;;;;;;;;;;;;;;;;;;;;;
03351 CELLE ;103 461;67 941;33 863;1 480;;;177;2 258;14 072;13 172;37 269;30 073;5 154;480;320;2 381;5 774;9 086;13 698;2 252;234
03352 CUXHAVEN ;118 157;76 638;38 899;2 330;;;290;2 266;15 662;15 673;44 456;33 343;4 905;436;334;3 155;6 985;11 221;14 907;1 945;201
03353 HARBURG ;154 955;99 240;53 164;1 954;;;597;3 177;17 078;18 528;54 961;48 819;8 905;757;520;3 735;8 864;13 799;21 885;3 635;342
03354 LUECHOW-DANNENBERG ;29 085;17 964;10 217;839;;;65;833;5 117;4 558;10 346;6 793;978;186;124;1 185;2 276;2 880;3 225;377;89
03355 LUENEBURG ;97 296;61 908;33 879;1 235;;;274;2 066;12 010;12 241;34 724;29 158;5 587;546;382;2 621;5 914;9 070;13 448;2 078;259
03356 OSTERHOLZ ;67 824;45 753;20 588;1 324;;;159;1 371;8 898;8 873;26 008;18 652;3 105;210;180;1 421;3 640;5 984;7 902;1 248;91
03357 ROTENBURG(WUEMME) ;103 961;62 644;39 532;1 549;;;236;1 970;13 990;13 511;38 177;30 238;4 699;348;276;2 923;6 736;10 676;16 242;2 321;148
03358 HEIDEKREIS ;82 433;52 329;28 629;1 357;;;118;1 893;11 514;11 018;30 039;22 188;3 617;469;275;2 161;5 120;8 130;10 912;1 675;219
03359 STADE ;116 548;76 692;38 057;1 443;;;356;2 075;14 305;14 658;43 365;34 165;6 335;406;370;3 094;6 609;10 415;14 745;2 422;180
03360 UELZEN ;53 535;35 588;17 237;600;;;110;1 218;7 403;6 630;19 601;15 317;2 643;229;183;1 532;3 242;4 583;6 561;927;121
03361 VERDEN ;81 539;53 745;26 472;1 170;;;152;1 609;9 490;9 851;30 091;24 491;4 649;255;184;1 568;4 346;7 170;11 028;1 953;87
RB ZUSAMMEN ;1 008 794;650 442;340 537;15 281;;;2 534;20 736;129 539;128 713;369 037;293 237;50 577;4 322;3 148;25 776;59 506;93 014;134 553;20 833;1 971
RB WESER-EMS ;;;;;;;;;;;;;;;;;;;;;
03401 DELMENHORST,STADT ;39 821;28 475;10 476;727;;;143;732;5 367;5 270;14 873;10 577;2 246;139;83;728;1 928;3 008;3 937;700;48
03402 EMDEN,STADT ;23 235;15 970;6 752;484;;;29;377;3 001;2 718;8 327;7 104;1 431;90;57;464;1 159;1 579;2 865;567;44
03403 OLDENBURG(OLDENB),STADT ;83 194;52 037;28 990;1 879;;;288;1 671;9 928;9 972;28 959;25 394;5 480;381;239;1 813;4 277;7 203;12 419;2 643;154
03404 OSNABRUECK,STADT ;79 335;51 479;26 295;1 108;;;453;1 730;9 422;9 094;27 280;24 794;5 786;245;83;1 124;3 290;6 402;12 171;3 058;82
03405 WILHELMSHAVEN,STADT ;38 389;27 567;9 973;761;;;88;719;5 153;5 204;14 005;10 937;1 935;105;103;724;1 791;2 481;4 077;682;50
03451 AMMERLAND ;74 526;46 500;26 379;1 510;;;137;1 310;9 391;9 702;27 204;22 145;3 475;272;212;2 006;4 530;7 101;10 755;1 488;132
03452 AURICH ;109 598;70 976;35 207;3 221;;;194;2 108;15 755;14 335;41 115;29 965;4 806;480;336;3 045;6 338;9 727;13 397;1 966;225
03453 CLOPPENBURG ;91 506;48 741;40 799;1 866;;;100;1 498;11 967;13 160;35 136;24 794;3 256;244;285;3 393;7 365;12 591;14 815;1 922;117
03454 EMSLAND ;184 161;100 812;78 674;4 379;;;296;2 660;19 593;23 530;70 092;57 905;8 316;640;404;4 519;12 443;22 870;33 341;4 624;277
03455 FRIESLAND ;61 600;40 079;19 699;1 696;;;126;1 230;8 665;8 320;22 609;17 280;2 568;236;194;1 719;3 592;5 271;7 653;1 039;98
03456 GRAFSCHAFT BENTHEIM ;78 142;39 873;35 005;3 111;;;153;1 262;8 308;10 797;29 295;24 230;3 430;224;176;1 848;5 604;10 758;14 475;1 949;95
03457 LEER ;95 968;60 046;32 947;2 815;;;160;1 719;13 737;13 738;36 216;25 785;3 488;309;260;2 875;6 114;9 201;12 577;1 540;137
03458 OLDENBURG(OLDENBURG) ;77 830;48 071;27 906;1 668;;;185;1 431;9 825;10 136;28 811;22 524;3 805;223;223;2 031;4 805;8 028;10 866;1 660;96
03459 OSNABRUECK ;214 321;138 747;71 818;3 254;;;502;4 397;27 846;26 740;81 219;61 415;9 751;835;406;4 295;11 501;21 115;29 528;4 368;342
03460 VECHTA ;79 612;45 021;33 210;1 214;;;167;1 433;9 485;10 160;30 179;23 744;3 650;188;198;2 192;5 181;9 677;13 678;2 086;71
03461 WESERMARSCH ;50 463;32 113;16 891;1 378;;;81;1 022;6 855;7 056;18 883;13 713;2 180;217;164;1 397;3 166;4 820;6 281;862;92
03462 WITTMUND ;33 725;21 894;10 854;917;;;60;735;5 077;4 610;12 614;8 856;1 241;190;98;988;2 118;3 022;3 974;515;78
RB ZUSAMMEN ;1 415 426;868 401;511 875;31 988;;;3 162;26 034;179 375;184 542;526 817;411 162;66 844;5 018;3 521;35 161;85 202;144 854;206 809;31 669;2 138
LAND INSGESAMT ;4 528 650;2 921 358;1 517 889;76 998;;;12 405;93 249;563 921;546 732;1 610 349;1 315 418;323 779;20 901;11 667;100 979;243 620;399 433;601 201;145 334;8 614
NORDRHEIN-WESTFALEN ;;;;;;;;;;;;;;NORDRHEIN-WESTFALEN;;;;;;;
RB DUESSELDORF ;;;;;;;;;;;;;;;;;;;;;
05111 DUESSELDORF, STADT ;299 756;177 956;116 757;3 584;;;1 459;7 311;30 255;30 471;87 563;102 393;34 898;1 154;357;4 167;11 757;21 573;57 125;21 022;416
05112 DUISBURG,STADT ;220 667;158 130;56 568;5 473;;;496;5 123;28 889;29 671;80 827;59 821;12 242;573;175;2 641;9 224;16 780;22 349;4 883;243
05113 ESSEN,STADT ;277 737;195 904;75 865;5 124;;;844;5 970;31 442;31 903;96 097;87 746;20 911;456;167;2 985;9 489;18 213;35 294;9 313;129
05114 KREFELD,STADT ;113 362;77 709;32 654;2 707;;;292;2 709;13 637;13 948;40 178;33 174;7 699;369;131;1 482;4 957;8 465;14 218;3 140;142
05116 MOENCHENGLADBACH,STADT ;131 088;89 292;38 385;3 051;;;360;3 177;15 882;16 567;46 631;38 354;8 211;504;199;1 686;5 600;10 338;16 650;3 558;237
05117 MUELHEIM A.D.RUHR,STADT ;90 329;64 521;24 102;1 449;;;257;2 119;10 266;10 455;31 826;28 175;6 043;170;77;1 043;3 338;6 089;10 955;2 435;55
05119 OBERHAUSEN,STADT ;106 163;78 442;25 174;2 298;;;249;2 448;13 138;13 149;38 811;30 814;6 275;311;127;1 142;3 794;7 103;10 469;2 320;123
05120 REMSCHEID,STADT ;58 877;40 877;17 025;819;;;156;1 092;6 098;6 406;20 700;19 277;4 352;147;67;653;2 308;4 652;7 526;1 705;44
05122 SOLINGEN,STADT ;87 491;61 622;24 135;1 338;;;396;2 082;10 676;10 191;30 640;24 654;7 629;252;125;1 113;3 628;5 971;9 392;3 703;70
05124 WUPPERTAL,STADT ;163 639;113 096;47 417;2 567;;;559;3 427;19 026;19 088;57 826;50 130;11 531;400;175;2 014;6 577;12 718;20 630;4 958;165
05154 KLEVE ;180 389;105 096;66 672;8 175;;;446;3 824;22 172;26 045;65 851;51 147;8 386;918;503;4 392;12 127;18 997;26 070;3 911;463
05158 METTMANN ;282 664;189 755;87 826;4 015;;;1 068;6 053;30 177;31 411;98 054;91 459;21 045;844;413;3 733;11 537;20 682;40 973;9 802;310
05162 NEUSS ;259 220;173 567;80 333;4 427;;;893;6 200;26 276;29 004;89 653;81 450;18 587;1 455;457;3 407;11 074;20 061;36 061;8 180;675
05166 VIERSEN ;177 719;115 959;55 576;5 814;;;370;4 043;21 192;22 621;64 080;52 354;9 738;757;327;2 925;8 743;15 089;23 783;4 137;319
05170 WESEL ;271 909;183 662;79 174;8 413;;;660;5 624;31 335;33 747;100 120;81 034;16 332;920;434;4 154;12 102;22 124;33 345;6 351;405
RB ZUSAMMEN ;2 721 010;1 825 588;827 663;59 254;;;8 505;61 202;310 461;324 677;948 857;831 982;193 879;9 230;3 734;37 537;116 255;208 855;364 840;89 418;3 796
RB KOELN ;;;;;;;;;;;;;;;;;;;;;
05314 BONN,STADT ;173 589;96 937;74 194;1 686;;;772;4 386;16 888;17 191;49 083;63 246;18 520;1 068;385;2 305;6 415;12 056;39 502;12 894;429
05315 KOELN,STADT ;461 121;296 493;155 778;5 653;;;3 197;10 869;48 348;53 133;151 253;138 702;48 931;2 039;642;6 005;19 593;36 044;66 571;25 682;660
05316 LEVERKUSEN,STADT ;85 390;58 902;24 878;1 278;;;332;1 993;9 716;10 251;29 986;25 577;6 640;255;127;1 281;3 851;6 364;10 216;2 831;103
05334 AACHEN, STAEDTEREGION ;277 588;178 642;92 001;5 968;;;977;5 789;30 442;34 411;96 266;86 988;19 026;842;669;5 257;14 176;23 749;38 708;8 583;327
05358 DUEREN ;152 536;101 113;48 182;2 865;;;376;3 507;18 051;19 575;54 813;45 717;8 308;572;333;3 230;8 121;13 030;19 602;3 360;229
05362 RHEIN-ERFT-KREIS ;264 625;181 216;78 790;3 811;;;808;5 909;28 821;32 806;94 598;81 501;17 174;1 055;475;4 080;12 752;20 597;33 252;6 962;431
05366 EUSKIRCHEN ;126 638;78 476;45 349;2 334;;;479;2 320;13 739;15 601;42 662;35 118;15 190;470;254;2 473;6 978;11 458;16 742;7 043;185
05370 HEINSBERG ;148 818;91 151;51 437;5 865;;;365;3 157;18 012;20 248;54 067;43 561;7 677;710;364;3 221;8 796;14 573;20 731;3 320;283
05374 OBERBERGISCHER KREIS ;167 857;110 768;54 287;2 383;;;419;3 380;18 633;20 633;61 992;50 563;9 858;854;335;2 978;9 117;15 018;22 134;4 216;337
05378 RHEIN.-BERGISCHER KREIS ;171 790;116 932;51 879;2 391;;;588;3 922;18 640;20 441;60 265;53 555;11 469;624;310;2 797;7 902;13 330;22 578;4 424;246
05382 RHEIN-SIEG-KREIS ;345 505;231 854;106 495;5 913;;;1 243;7 763;39 954;44 315;126 114;102 487;19 373;1 521;647;5 972;17 685;29 329;44 095;7 829;600
RB ZUSAMMEN ;2 375 457;1 542 484;783 270;40 147;;;9 556;52 995;261 244;288 605;821 099;727 015;182 166;10 010;4 541;39 599;115 386;195 548;334 131;87 144;3 830
RB MUENSTER ;;;;;;;;;;;;;;;;;;;;;
05512 BOTTROP,STADT ;64 612;48 507;14 555;1 391;;;159;1 444;7 595;7 567;23 024;18 930;3 662;210;70;687;2 213;3 932;6 225;1 228;89
05513 GELSENKIRCHEN,STADT ;117 493;86 710;27 908;2 538;;;337;3 214;15 440;14 896;41 535;32 156;7 144;645;137;1 360;4 566;8 117;11 034;2 390;180
05515 MUENSTER,STADT ;138 887;87 280;48 858;2 328;;;421;3 375;15 801;16 222;46 855;43 520;10 211;551;356;2 343;6 418;11 526;22 073;5 563;261
05554 BORKEN ;207 877;120 362;79 969;7 162;;;384;3 419;22 541;27 063;78 395;62 631;10 553;782;405;4 110;12 805;23 626;33 300;5 129;323
05558 COESFELD ;129 520;80 811;45 402;2 884;;;423;2 360;14 726;16 972;48 313;39 135;6 153;391;296;2 695;7 368;12 696;19 221;2 745;165
05562 RECKLINGHAUSEN ;335 491;243 233;84 532;6 802;;;924;7 145;40 271;40 225;123 150;100 956;18 891;929;401;4 098;13 235;23 281;36 430;6 378;406
05566 STEINFURT ;254 055;160 409;88 042;5 028;;;576;4 587;30 233;32 568;96 225;73 995;11 981;1 031;502;4 818;14 230;25 238;36 459;5 971;472
05570 WARENDORF ;159 920;105 402;51 220;2 978;;;320;3 603;20 576;20 835;59 827;44 697;7 565;700;370;3 298;8 900;14 323;20 406;3 400;283
RB ZUSAMMEN ;1 407 855;932 714;440 486;31 111;;;3 544;29 147;167 183;176 348;517 324;416 020;76 160;5 239;2 537;23 409;69 735;122 739;185 148;32 804;2 179
RB DETMOLD ;;;;;;;;;;;;;;;;;;;;;
05711 BIELEFELD,STADT ;159 023;105 505;50 613;2 341;;;564;3 166;19 380;19 582;56 229;47 152;11 000;487;391;3 257;8 174;13 099;20 246;4 984;194
05754 GUETERSLOH ;212 669;140 532;68 753;2 944;;;440;4 487;27 000;26 344;77 945;61 276;12 021;738;473;4 623;11 389;18 310;27 650;5 666;269
05758 HERFORD ;153 451;106 527;44 160;2 389;;;375;3 232;18 626;18 609;55 775;45 975;9 220;624;306;2 856;7 111;11 460;18 482;3 545;273
05762 HOEXTER ;84 432;55 338;27 343;1 615;;;136;1 579;10 219;10 227;32 262;24 659;4 162;267;189;1 778;4 679;7 906;11 011;1 542;109
05766 LIPPE ;205 417;138 572;62 859;3 557;;;429;4 518;27 935;26 461;73 754;58 727;10 714;983;505;4 912;11 394;17 018;24 253;4 099;408
05770 MINDEN-LUEBBECKE ;190 925;130 443;56 986;3 074;;;422;4 497;25 933;24 278;70 109;52 288;9 935;1 037;467;4 116;9 775;15 536;22 278;4 148;439
05774 PADERBORN ;169 758;107 786;58 334;3 261;;;377;2 890;19 736;21 404;63 421;50 693;9 308;431;309;3 569;9 572;15 927;24 259;4 302;168
RB ZUSAMMEN ;1 175 675;784 703;369 048;19 181;;;2 743;24 369;148 829;146 905;429 495;340 770;66 360;4 567;2 640;25 111;62 094;99 256;148 179;28 286;1 860
RB ARNSBERG ;;;;;;;;;;;;;;;;;;;;;
05911 BOCHUM,STADT ;185 256;134 113;47 726;2 770;;;647;3 967;20 930;20 860;63 848;54 609;18 512;458;142;1 954;6 464;11 959;19 932;6 927;184
05913 DORTMUND,STADT ;272 752;191 097;76 761;4 072;;;822;6 106;32 715;33 304;97 099;80 766;18 173;905;308;3 300;11 254;21 024;32 684;7 520;375
05914 HAGEN,STADT ;93 317;66 559;25 392;1 094;;;272;2 177;11 631;11 316;33 884;27 140;5 613;347;124;1 176;3 761;7 341;10 574;2 202;120
05915 HAMM,STADT ;91 874;64 366;25 930;1 361;;;217;1 967;11 946;12 190;33 474;25 557;4 738;365;157;1 612;4 671;7 449;10 029;1 716;153
05916 HERNE,STADT ;73 833;55 284;16 982;1 420;;;147;1 942;9 734;9 387;26 853;20 252;4 116;214;82;874;2 802;4 928;6 787;1 330;95
05954 ENNEPE-RUHR-KREIS ;189 821;134 603;51 834;2 873;;;511;4 312;22 029;21 923;67 865;59 085;11 361;538;258;2 503;7 719;13 661;22 988;4 232;216
05958 HOCHSAUERLANDKREIS ;156 977;100 540;53 962;2 154;;;321;2 646;16 502;17 612;56 574;52 172;9 669;569;267;2 833;7 956;14 315;24 062;4 205;221
05962 MAERKISCHER KREIS ;241 055;166 224;70 970;3 216;;;645;4 627;26 487;28 773;87 044;75 897;14 785;981;388;3 531;11 224;19 209;30 508;5 556;365
05966 OLPE ;83 782;54 893;27 942;802;;;145;1 422;7 846;9 103;31 473;27 949;4 828;337;146;1 335;4 077;7 642;12 481;2 086;121
05970 SIEGEN-WITTGENSTEIN ;166 717;112 660;52 176;1 422;;;459;2 797;15 670;17 404;60 053;56 980;11 303;735;262;2 156;6 829;13 882;24 106;4 539;274
05974 SOEST ;178 020;118 075;56 698;2 847;;;400;3 827;22 575;21 941;64 949;52 731;9 658;683;373;3 513;9 064;15 535;23 660;4 101;273
05978 UNNA ;226 313;158 696;63 451;3 562;;;604;4 804;26 218;27 111;81 342;69 546;14 235;689;343;3 234;9 700;16 606;27 428;5 549;242
RB ZUSAMMEN ;1 959 717;1 357 110;569 824;27 593;;;5 190;40 594;224 283;230 924;704 458;602 684;126 991;6 821;2 850;28 021;85 521;153 551;245 239;49 963;2 639
LAND INSGESAMT ;9 639 714;6 442 599;2 990 291;177 286;;;29 538;208 307;1 112 000;1 167 459;3 421 233;2 918 471;645 556;35 867;16 302;153 677;448 991;779 949;1 277 537;287 615;14 304
RHEINLAND-PFALZ ;;;;;;;;;;;;;;RHEINLAND-PFALZ;;;;;;;
RB KOBLENZ ;;;;;;;;;;;;;;;;;;;;;
07111 KOBLENZ,STADT ;58 875;37 703;20 398;559;;;215;1 059;5 836;6 544;20 256;19 287;5 075;211;107;849;2 676;4 726;9 175;2 709;94
07131 AHRWEILER ;79 392;53 072;24 962;1 152;;;206;1 933;9 776;10 278;30 250;22 201;3 596;377;186;1 539;4 387;7 463;9 728;1 413;139
07132 ALTENKIRCHEN(WESTWLD.) ;78 620;53 178;24 276;959;;;207;1 422;8 831;9 851;29 321;24 207;4 085;265;130;1 334;3 984;6 677;10 416;1 566;99
07133 BAD KREUZNACH ;93 993;63 076;29 609;1 080;;;228;2 103;12 158;12 077;34 867;26 741;4 544;406;221;2 029;4 870;8 648;11 733;1 829;160
07134 BIRKENFELD ;50 097;34 555;15 022;399;;;121;999;6 152;6 366;18 778;14 856;2 325;174;80;977;2 600;4 362;6 079;816;58
07135 COCHEM-ZELL ;39 027;23 464;14 978;539;;;46;706;4 237;5 173;14 841;11 834;1 742;136;91;867;2 451;4 591;6 140;740;53
07137 MAYEN-KOBLENZ ;130 143;87 420;41 100;1 301;;;322;2 501;13 950;15 948;48 799;40 000;6 802;578;261;2 165;6 706;11 667;17 302;2 641;207
07138 NEUWIED ;111 838;74 005;35 639;1 875;;;319;2 226;13 032;14 918;41 557;32 242;6 033;521;206;2 054;6 136;9 854;14 456;2 610;169
07140 RHEIN-HUNSRUECK-KREIS ;65 546;39 131;25 550;700;;;165;1 081;6 465;7 985;25 313;20 847;2 955;274;131;1 160;3 999;7 863;10 818;1 390;109
07141 RHEIN-LAHN-KREIS ;76 189;51 339;23 709;992;;;149;1 671;9 316;9 545;28 327;22 328;3 837;391;152;1 365;3 803;6 724;9 872;1 563;151
07143 WESTERWALDKREIS ;127 432;81 906;43 692;1 529;;;305;1 995;12 545;14 495;46 374;42 587;7 717;454;220;2 009;6 448;11 766;19 761;3 208;149
RB ZUSAMMEN ;911 152;598 849;298 935;11 085;;;2 283;17 696;102 298;113 180;338 683;277 130;48 711;3 787;1 785;16 348;48 060;84 341;125 480;20 485;1 388
RB TRIER ;;;;;;;;;;;;;;;;;;;;;
07211 TRIER-SAARBURG ;142 065;87 447;53 603;577;;;438;2 511;14 296;17 809;52 504;45 438;7 443;552;263;2 669;8 103;15 997;22 833;3 386;199
07231 BERNKASTEL-WITTLICH ;70 688;43 566;26 548;418;;;156;1 342;7 914;9 208;26 141;21 852;3 227;302;170;1 591;4 453;7 642;11 026;1 475;113
07232 EIFELKREIS BITBURG-PRUEM ;61 355;33 738;27 065;318;;;234;1 151;6 821;8 181;22 924;18 591;2 911;237;137;1 397;4 421;8 581;10 888;1 502;85
07233 VULKANEIFEL ;38 611;22 876;15 214;433;;;88;661;4 241;4 925;14 514;11 949;1 746;192;85;831;2 385;4 533;6 417;835;76
RB ZUSAMMEN ;312 719;187 627;122 430;1 746;;;916;5 665;33 272;40 123;116 083;97 830;15 327;1 283;655;6 488;19 362;36 753;51 164;7 198;473
RB RHEINHESSEN-PFALZ ;;;;;;;;;;;;;;;;;;;;;
07311 FRANKENTHAL(PFALZ),STADT ;25 560;17 760;7 467;223;;;110;711;3 427;3 448;9 014;7 089;1 477;110;43;430;1 218;2 123;2 937;626;47
07312 KAISERSLAUTERN,STADT ;49 700;34 863;14 100;484;;;253;1 187;6 273;6 087;16 071;13 985;5 427;166;84;785;2 119;3 522;5 682;1 803;56
07313 LANDAU I.D.PFALZ,STADT ;25 633;17 576;7 739;231;;;87;734;3 565;3 285;8 360;7 210;2 004;155;58;516;1 271;1 980;3 075;746;54
07314 LUDWIGSHAFEN A.RH.,STADT ;78 935;54 713;23 172;716;;;334;2 087;10 487;10 504;26 964;22 064;5 590;355;145;1 312;3 764;6 136;9 083;2 534;110
07315 MAINZ,STADT ;96 168;61 510;33 471;790;;;397;2 295;10 854;10 956;32 340;29 669;8 301;328;159;1 480;4 292;8 428;14 218;4 656;130
07316 NEUSTADT A.D.WSTR.,STADT ;31 372;21 324;9 702;276;;;70;854;4 205;4 203;10 900;8 725;1 872;134;101;689;1 638;2 582;3 788;794;59
07317 PIRMASENS,STADT ;21 918;15 398;6 285;155;;;80;516;2 833;2 817;7 678;6 394;1 353;85;36;368;1 044;1 626;2 578;579;34
07318 SPEYER,STADT ;28 350;19 090;8 878;320;;;62;648;3 558;3 726;9 744;8 087;2 146;114;62;500;1 470;2 326;3 513;932;50
07319 WORMS,STADT ;43 395;30 342;12 506;383;;;164;1 093;5 984;5 977;15 471;11 876;2 435;156;113;822;2 228;3 553;4 802;875;66
07320 ZWEIBRUECKEN,STADT ;20 305;14 095;5 935;164;;;111;510;2 584;2 832;7 371;5 731;985;86;35;337;985;1 733;2 403;369;44
07331 ALZEY-WORMS ;79 873;51 171;27 649;872;;;181;1 767;9 961;10 555;28 855;23 599;3 956;337;218;1 916;4 670;7 855;11 105;1 579;186
07332 BAD DUERKHEIM ;85 646;57 602;26 897;932;;;215;2 260;10 895;11 058;29 583;25 450;4 907;424;238;1 870;4 419;7 252;10 883;1 881;205
07333 DONNERSBERGKREIS ;46 973;30 168;16 109;575;;;121;1 082;6 140;6 212;17 104;13 570;2 217;215;119;1 082;2 685;4 751;6 290;1 029;95
07334 GERMERSHEIM ;78 078;51 609;25 538;689;;;242;1 922;9 836;10 664;27 261;20 773;6 487;306;207;1 613;4 667;7 412;8 962;2 427;148
07335 KAISERSLAUTERN ;64 666;44 340;19 545;590;;;191;1 492;8 328;8 697;23 716;18 476;3 170;247;145;1 336;3 427;5 785;7 542;1 117;111
07336 KUSEL ;45 558;31 214;13 825;402;;;117;1 076;6 057;6 423;17 341;12 390;1 731;168;106;1 010;2 466;4 309;5 173;629;74
07337 SUEDLICHE WEINSTRASSE ;72 350;48 527;23 048;566;;;209;2 196;10 590;9 944;24 970;19 372;3 908;424;295;2 042;4 208;6 280;8 387;1 499;206
07338 RHEIN-PFALZ-KREIS ;96 337;68 126;26 982;935;;;294;2 701;12 220;12 153;34 298;28 277;5 162;458;265;1 835;4 574;7 571;10 860;1 558;180
07339 MAINZ-BINGEN ;131 698;84 542;45 316;1 430;;;410;2 734;14 639;17 059;46 187;40 931;7 981;494;260;2 413;7 559;11 639;19 491;3 560;210
07340 SUEDWESTPFALZ ;64 400;43 235;20 433;572;;;160;1 542;8 287;8 605;23 932;18 159;2 984;280;202;1 433;3 612;6 156;7 716;1 120;119
RB ZUSAMMEN ;1 186 915;797 205;374 597;11 305;;;3 808;29 407;150 723;155 205;417 160;341 827;74 093;5 042;2 891;23 789;62 316;103 019;148 488;30 313;2 184
LAND INSGESAMT ;2 410 786;1 583 681;795 962;24 136;;;7 007;52 768;286 293;308 508;871 926;716 787;138 131;10 112;5 331;46 625;129 738;224 113;325 132;57 996;4 045
SAARLAND ;;;;;;;;;;;;;;;;;;;;;
10041 SAARBRUECKEN,STADTVERB. ;184 679;126 663;56 148;1 032;;;836;4 233;21 918;25 587;63 659;54 257;11 756;1 016;369;3 217;8 677;15 053;23 158;5 169;366
10042 MERZIG-WADERN ;67 504;42 070;24 884;340;;;210;1 298;6 962;9 229;24 984;20 538;3 432;239;144;1 448;4 006;7 493;10 099;1 496;99
10043 NEUNKIRCHEN ;83 198;58 920;23 395;605;;;278;1 719;9 646;11 352;30 252;24 804;4 309;246;167;1 337;3 909;6 454;9 868;1 450;89
10044 SAARLOUIS ;126 749;87 819;37 957;573;;;400;2 792;13 465;17 163;47 220;37 051;7 012;670;309;2 055;6 513;11 359;14 983;2 405;239
10045 SAAR-PFALZ-KREIS ;94 375;64 677;28 739;624;;;335;1 938;10 628;12 888;33 368;28 927;5 354;426;205;1 700;4 542;7 742;12 227;2 103;144
10046 SANKT WENDEL ;59 106;39 485;18 972;510;;;139;1 054;6 326;7 358;22 200;18 322;3 067;160;103;1 069;2 969;5 591;7 937;1 157;56
LAND INSGESAMT ;615 611;419 634;190 095;3 684;;;2 198;13 034;68 945;83 577;221 683;183 899;34 930;2 757;1 297;10 826;30 616;53 692;78 272;13 780;993
SACHSEN ;;;;;;;;;;;;;;SACHSEN;;;;;;;
RB CHEMNITZ ;;;;;;;;;;;;;;;;;;;;;
14511 CHEMNITZ, STADT ;122 514;89 352;31 505;1 144;;;513;1 688;11 072;13 697;44 694;41 702;8 444;513;127;1 374;4 261;7 458;14 800;3 336;112
14521 ERZGEBIRGSKREIS ;200 602;148 872;49 700;1 653;;;377;2 988;19 699;23 692;78 298;63 832;9 911;973;212;2 848;7 785;13 308;22 092;3 284;125
14522 MITTELSACHSEN ;178 559;129 629;46 394;2 068;;;468;3 180;19 779;22 360;70 780;52 407;7 956;942;265;2 821;7 575;12 664;19 870;2 970;169
14523 VOGTLANDKREIS ;134 909;99 906;33 503;1 130;;;370;2 238;13 245;15 503;51 916;42 721;7 302;856;163;1 886;5 371;8 235;15 024;2 634;139
14524 ZWICKAU ;182 763;136 955;43 438;1 827;;;543;2 630;17 884;20 588;69 046;59 760;10 426;622;195;2 207;6 317;11 157;19 823;3 553;89
RB ZUSAMMEN ;819 347;604 714;204 540;7 822;;;2 271;12 724;81 679;95 840;314 734;260 422;44 039;3 906;962;11 136;31 309;52 822;91 609;15 777;634
RB DRESDEN ;;;;;;;;;;;;;;;;;;;;;
14612 DRESDEN, STADT ;220 070;156 098;60 474;2 146;;;1 352;3 857;22 554;25 429;79 188;70 742;15 290;651;328;3 050;8 206;14 431;27 544;6 408;254
14625 BAUTZEN ;177 315;130 778;44 054;1 972;;;511;3 793;22 707;23 293;67 808;49 339;7 910;1 063;233;2 625;7 642;11 970;18 292;3 025;196
14626 GOERLITZ ;141 657;109 829;30 139;1 330;;;359;3 061;20 168;18 986;55 171;36 431;5 933;844;224;2 125;5 448;8 440;11 747;1 930;171
14627 MEISSEN ;134 094;97 010;35 305;1 279;;;500;3 330;17 496;17 169;50 245;37 474;6 549;653;215;2 259;5 993;9 531;14 589;2 497;138
14628 SAECHS.SCHWEIZ-OSTERZGEB. ;138 389;102 621;33 968;1 272;;;528;2 909;16 985;18 164;52 580;39 748;6 162;790;211;2 174;5 902;8 858;14 336;2 272;151
RB ZUSAMMEN ;811 525;596 336;203 940;7 999;;;3 250;16 950;99 910;103 041;304 992;233 734;41 844;4 001;1 211;12 233;33 191;53 230;86 508;16 132;910
RB LEIPZIG ;;;;;;;;;;;;;;;;;;;;;
14713 LEIPZIG, STADT ;216 206;158 947;53 273;2 655;;;1 331;3 961;22 950;25 730;78 859;67 199;15 157;442;157;2 002;7 149;13 123;24 329;6 145;176
14729 LEIPZIG ;148 149;106 247;39 539;2 000;;;363;3 073;16 751;18 311;56 430;44 088;7 434;688;153;1 965;6 211;10 777;17 263;2 971;133
14730 NORDSACHSEN ;111 899;80 800;29 694;1 145;;;260;2 691;13 459;13 825;42 359;32 219;5 372;443;161;1 531;4 807;8 301;12 548;2 153;107
RB ZUSAMMEN ;476 254;345 994;122 506;5 800;;;1 954;9 725;53 160;57 866;177 648;143 506;27 963;1 573;471;5 498;18 167;32 201;54 140;11 269;416
LAND INSGESAMT ;2 107 126;1 547 044;530 986;21 621;;;7 475;39 399;234 749;256 747;797 374;637 662;113 846;9 480;2 644;28 867;82 667;138 253;232 257;43 178;1 960
SACHSEN-ANHALT ;;;;;;;;;;;;;;SACHSEN-ANHALT;;;;;;;
15001 DESSAU-ROLAU,STADT ;41 890;31 729;9 513;499;;;149;775;4 684;5 080;15 602;13 093;2 276;104;51;452;1 398;2 322;4 412;812;33
15002 HALLE (SAALE),STADT ;92 104;69 821;20 754;1 089;;;440;1 712;9 449;10 496;34 274;29 472;5 838;195;86;790;2 732;5 372;9 572;2 080;59
15003 MAGDEBURG, STADT ;107 659;79 255;27 020;1 043;;;341;1 860;11 097;12 522;38 976;33 968;6 910;545;113;1 051;3 436;6 729;12 612;2 878;131
15081 ALTMARKKREIS SALZWEDEL ;50 096;33 427;16 027;532;;;110;1 206;6 886;6 430;19 233;13 589;1 950;272;111;1 233;2 817;4 659;6 217;872;74
15082 ANHALT-BITTERFELD ;92 093;69 425;21 690;736;;;242;1 959;10 463;11 236;35 220;27 826;4 414;226;126;1 072;3 311;5 780;9 739;1 562;51
15083 BOERDE ;103 492;72 547;29 575;1 230;;;140;1 842;11 834;12 360;40 638;31 166;4 372;276;152;1 644;4 579;8 466;12 683;1 878;81
15084 BURGENLANDKREIS ;100 625;74 627;24 549;1 224;;;225;1 829;11 113;12 180;39 108;30 579;4 751;276;109;1 195;3 738;6 809;10 930;1 662;55
15085 HARZ ;120 595;85 181;33 651;1 500;;;263;2 049;13 099;14 207;46 155;37 792;5 801;312;172;1 865;5 365;9 213;14 714;2 135;88
15086 JERICHOWER LAND ;53 289;37 639;15 011;492;;;147;1 225;6 491;7 061;20 058;15 066;2 109;335;108;950;2 573;4 179;6 230;845;78
15087 MANSFELD-SUEDHARZ ;79 643;57 742;21 080;609;;;212;1 603;8 615;9 362;30 263;24 831;4 024;246;119;989;3 075;5 786;9 526;1 485;59
15088 SAALEKREIS ;111 364;80 996;28 768;1 239;;;361;2 005;11 667;13 054;41 728;35 609;6 109;404;113;1 342;4 097;7 417;13 336;2 324;82
15089 SALZLANDKREIS ;104 425;77 686;25 206;1 306;;;227;2 057;12 145;12 745;40 120;31 553;4 884;241;130;1 206;3 666;6 931;11 312;1 863;51
15090 STENDAL ;62 513;42 696;19 086;606;;;125;1 515;8 706;8 650;23 747;16 457;2 428;385;130;1 346;3 489;5 723;7 197;1 072;96
15091 WITTENBERG ;74 101;55 368;17 700;818;;;215;1 756;9 662;9 763;27 542;21 156;3 272;351;107;1 055;2 937;4 793;7 542;1 160;72
LAND INSGESAMT ;1 193 889;868 139;309 630;12 923;;;3 197;23 393;135 911;145 146;452 664;362 157;59 138;4 168;1 627;16 190;47 213;84 179;136 022;22 628;1 010
SCHLESWIG-HOLSTEIN ;;;;;;;;;;;;;;SCHLESWIG-HOLSTEIN;;;;;;;
01001 FLENSBURG,STADT ;41 440;25 805;15 070;407;;;158;676;4 736;5 113;14 975;12 682;2 663;153;117;1 135;2 443;3 945;5 950;1 290;86
01002 KIEL,STADT ;105 759;70 158;34 193;962;;;446;2 262;13 400;13 324;36 878;31 482;6 709;715;485;2 823;5 744;8 095;13 573;2 961;388
01003 LUEBECK,STADT ;94 706;65 256;28 131;1 048;;;271;2 343;12 549;11 891;33 715;27 090;5 624;540;366;2 212;4 711;6 888;11 046;2 516;275
01004 NEUMUENSTER,STADT ;39 984;26 549;12 828;476;;;131;792;5 515;5 577;14 098;11 195;2 311;123;110;992;2 252;3 276;5 081;998;57
01051 DITHMARSCHEN ;76 529;47 627;28 040;689;;;173;1 661;11 519;11 077;27 974;20 244;2 988;369;310;2 951;5 762;7 906;9 504;1 268;185
01053 HERZOGTUM LAUENBURG ;110 015;72 225;35 988;1 490;;;312;2 547;13 671;13 909;40 749;31 941;5 483;657;409;2 885;6 368;10 016;13 710;2 146;331
01054 NORDFRIESLAND ;96 292;59 327;35 651;991;;;323;2 152;13 728;13 593;34 227;26 413;4 315;406;400;3 853;7 146;9 365;12 538;1 844;204
01055 OSTHOLSTEIN ;118 411;80 362;36 566;1 260;;;223;2 831;15 355;14 784;43 355;34 424;5 732;750;507;3 289;6 796;9 562;13 921;1 986;361
01056 PINNEBERG ;168 027;115 323;50 562;1 581;;;561;3 299;19 276;20 412;59 971;51 890;10 701;452;503;3 726;8 800;12 484;20 372;4 104;229
01057 PLOEN ;75 503;49 611;25 076;624;;;192;1 608;10 188;10 234;27 713;21 501;3 135;318;324;2 452;4 990;6 790;9 102;1 059;191
01058 RENDSBURG-ECKERNFOERDE ;162 294;100 024;60 164;1 702;;;404;3 188;21 150;22 031;58 975;47 136;7 293;660;626;5 556;11 399;16 366;22 435;3 037;340
01059 SCHLESWIG-FLENSBURG ;118 381;69 417;47 307;1 424;;;233;2 347;16 899;17 658;43 615;31 437;4 539;480;495;4 775;9 681;13 625;16 116;1 992;255
01060 SEGEBERG ;157 143;102 292;52 612;1 735;;;504;3 033;18 218;20 165;56 973;47 558;8 934;632;526;3 963;9 115;13 538;20 842;4 038;325
01061 STEINBURG ;76 326;49 320;25 943;910;;;153;1 534;10 185;10 410;27 992;21 596;3 401;445;297;2 365;4 898;7 135;9 525;1 374;243
01062 STORMARN ;143 012;93 944;47 050;1 503;;;515;3 163;15 572;16 730;50 005;45 459;9 385;877;519;3 216;7 312;11 168;19 958;4 323;398
LAND INSGESAMT ;1 583 822;1 027 240;535 181;16 802;;;4 599;33 436;201 961;206 908;571 215;462 048;83 213;7 577;5 994;46 193;97 417;140 159;203 673;34 936;3 868
THUERINGEN ;;;;;;;;;;;;;;;;;;;;;
16051 ERFURT, STADT ;93 578;65 242;26 849;1 147;;;340;1 469;9 292;10 251;33 906;31 092;6 657;158;107;1 101;3 245;6 468;12 854;2 965;42
16052 GERA, STADT ;45 119;32 790;11 690;499;;;140;692;4 354;5 142;16 689;14 876;2 823;92;34;524;1 623;2 973;5 446;1 043;17
16053 JENA, STADT ;43 567;29 827;13 077;450;;;213;879;4 056;4 882;15 368;14 680;3 134;234;70;561;1 628;3 008;6 286;1 429;72
16054 SUHL, STADT ;19 362;13 444;5 648;169;;;101;207;1 376;1 863;6 835;7 457;1 432;20;19;251;691;1 256;2 830;577;6
16055 WEIMAR, STADT ;27 910;19 519;7 953;316;;;122;505;2 749;3 186;10 057;9 177;1 897;135;32;353;1 124;1 926;3 663;789;50
16056 EISENACH, STADT ;21 351;15 378;5 658;250;;;65;308;1 858;2 299;7 495;6 910;2 154;128;32;282;765;1 342;2 595;605;29
16061 EICHSFELD ;59 103;39 622;18 566;845;;;70;1 024;5 801;6 892;23 073;18 521;2 812;356;86;957;2 967;5 071;8 129;1 242;78
16062 NORDHAUSEN ;46 648;33 803;12 205;548;;;92;799;5 312;5 773;18 105;13 906;2 224;208;63;711;1 991;3 244;5 226;909;35
16063 WARTBURGKREIS ;75 169;52 766;21 356;910;;;137;1 172;7 440;8 930;29 505;23 565;3 650;525;100;1 148;3 367;5 988;9 301;1 354;77
16064 UNSTRUT-HAINICH-KREIS ;55 282;39 093;15 372;725;;;92;867;6 044;6 939;21 588;16 576;2 649;129;79;831;2 479;4 207;6 687;1 005;43
16065 KYFFHAEUSERKREIS ;44 095;32 119;11 462;460;;;54;962;5 472;5 387;16 809;12 802;1 896;109;64;691;1 740;3 128;5 101;660;40
16066 SCHMALKALDEN-MEININGEN ;73 828;50 273;22 637;729;;;189;1 156;7 286;8 585;27 909;24 133;3 763;443;93;1 231;3 360;5 962;10 382;1 497;84
16067 GOTHA ;74 178;53 223;20 027;785;;;143;1 166;7 460;8 612;28 645;23 631;3 776;217;116;1 098;2 932;5 279;9 069;1 448;47
16068 SOEMMERDA ;39 736;28 075;11 192;409;;;60;727;4 304;4 728;15 720;12 107;1 699;133;58;585;1 758;3 218;4 836;687;29
16069 HILDBURGHAUSEN ;39 249;26 259;12 557;371;;;62;578;3 823;4 356;15 385;12 719;1 966;122;56;712;1 849;3 419;5 665;821;22
16070 ILM-KREIS ;58 708;40 621;17 276;649;;;162;942;5 797;6 577;22 066;19 226;3 242;224;69;837;2 477;4 456;8 003;1 341;48
16071 WEIMARER-LAND ;47 205;32 971;13 526;577;;;131;834;4 901;5 568;17 483;14 929;2 454;169;62;730;2 025;3 567;6 075;959;61
16072 SONNEBERG ;33 171;24 406;8 330;353;;;82;413;2 754;3 314;12 692;11 719;1 969;100;21;412;1 171;2 028;4 041;619;21
16073 SAALFELD-RUDOLSTADT ;61 046;43 370;16 904;622;;;150;995;5 983;6 848;23 275;19 958;3 240;201;84;879;2 476;4 529;7 606;1 246;42
16074 SAALE-HOLZLANDKREIS ;48 322;33 654;13 872;637;;;159;830;4 992;5 903;18 582;14 877;2 474;134;81;717;2 118;3 802;6 078;1 000;33
16075 SAALE-ORLA-KREIS ;50 158;34 642;14 878;565;;;73;845;5 044;6 096;19 701;15 591;2 188;140;74;766;2 334;4 135;6 605;911;23
16076 GREIZ ;59 893;42 432;16 602;701;;;158;990;6 125;6 933;22 937;18 899;3 093;251;97;965;2 564;4 335;7 375;1 177;53
16077 ALTENBURGER LAND ;51 006;38 715;11 640;543;;;108;986;5 604;6 074;19 590;15 492;2 698;241;51;566;1 723;3 063;5 298;885;40
LAND INSGESAMT ;1 167 684;822 244;329 277;13 260;;;2 903;19 346;117 827;135 138;443 415;372 843;63 890;4 469;1 548;16 908;48 407;86 404;149 151;25 169;992
Sonstige;;;;;;;;;;;;;;SONSTIGE;;;;;;;
INSGESAMT ;24 645;11 481;12 647;449;;;68;518;2 923;4 352;8 539;6 956;744;116;151;1 451;2 741;3 073;4 499;629;61
Deutschland;;;;;;;;;;;;;;;;;;;;;
INSGESAMT ;;;;;;;;;;;;;;;;;;;;;
